{
  "valueSetId": "country-2-codes",
  "valueSetDate": "2019-11-01",
  "valueSetValues": {
    "AD": {
      "display": "Andorra",
      "lang": "en",
      "active": true,
      "system": "urn:iso:std:iso:3166",
      "version": ""
    },
    "AE": {
      "display": "United Arab Emirates",
      "lang": "en",
      "active": true,
      "system": "urn:iso:std:iso:3166",
      "version": ""
    },
    "AF": {
      "display": "Afghanistan",
      "lang": "en",
      "active": true,
      "system": "urn:iso:std:iso:3166",
      "version": ""
    },
    "AG": {
      "display": "Antigua and Barbuda",
      "lang": "en",
      "active": true,
      "system": "urn:iso:std:iso:3166",
      "version": ""
    },
    "AI": {
      "display": "Anguilla",
      "lang": "en",
      "active": true,
      "system": "urn:iso:std:iso:3166",
      "version": ""
    },
    "AL": {
      "display": "Albania",
      "lang": "en",
      "active": true,
      "system": "urn:iso:std:iso:3166",
      "version": ""
    },
    "AM": {
      "display": "Armenia",
      "lang": "en",
      "active": true,
      "system": "urn:iso:std:iso:3166",
      "version": ""
    },
    "AO": {
      "display": "Angola",
      "lang": "en",
      "active": true,
      "system": "urn:iso:std:iso:3166",
      "version": ""
    },
    "AQ": {
      "display": "Antarctica",
      "lang": "en",
      "active": true,
      "system": "urn:iso:std:iso:3166",
      "version": ""
    },
    "AR": {
      "display": "Argentina",
      "lang": "en",
      "active": true,
      "system": "urn:iso:std:iso:3166",
      "version": ""
    },
    "AS": {
      "display": "American Samoa",
      "lang": "en",
      "active": true,
      "system": "urn:iso:std:iso:3166",
      "version": ""
    },
    "AT": {
      "display": "Austria",
      "lang": "en",
      "active": true,
      "system": "urn:iso:std:iso:3166",
      "version": ""
    },
    "AU": {
      "display": "Australia",
      "lang": "en",
      "active": true,
      "system": "urn:iso:std:iso:3166",
      "version": ""
    },
    "AW": {
      "display": "Aruba",
      "lang": "en",
      "active": true,
      "system": "urn:iso:std:iso:3166",
      "version": ""
    },
    "AX": {
      "display": "Åland Islands",
      "lang": "en",
      "active": true,
      "system": "urn:iso:std:iso:3166",
      "version": ""
    },
    "AZ": {
      "display": "Azerbaijan",
      "lang": "en",
      "active": true,
      "system": "urn:iso:std:iso:3166",
      "version": ""
    },
    "BA": {
      "display": "Bosnia and Herzegovina",
      "lang": "en",
      "active": true,
      "system": "urn:iso:std:iso:3166",
      "version": ""
    },
    "BB": {
      "display": "Barbados",
      "lang": "en",
      "active": true,
      "system": "urn:iso:std:iso:3166",
      "version": ""
    },
    "BD": {
      "display": "Bangladesh",
      "lang": "en",
      "active": true,
      "system": "urn:iso:std:iso:3166",
      "version": ""
    },
    "BE": {
      "display": "Belgium",
      "lang": "en",
      "active": true,
      "system": "urn:iso:std:iso:3166",
      "version": ""
    },
    "BF": {
      "display": "Burkina Faso",
      "lang": "en",
      "active": true,
      "system": "urn:iso:std:iso:3166",
      "version": ""
    },
    "BG": {
      "display": "Bulgaria",
      "lang": "en",
      "active": true,
      "system": "urn:iso:std:iso:3166",
      "version": ""
    },
    "BH": {
      "display": "Bahrain",
      "lang": "en",
      "active": true,
      "system": "urn:iso:std:iso:3166",
      "version": ""
    },
    "BI": {
      "display": "Burundi",
      "lang": "en",
      "active": true,
      "system": "urn:iso:std:iso:3166",
      "version": ""
    },
    "BJ": {
      "display": "Benin",
      "lang": "en",
      "active": true,
      "system": "urn:iso:std:iso:3166",
      "version": ""
    },
    "BL": {
      "display": "Saint Barthélemy",
      "lang": "en",
      "active": true,
      "system": "urn:iso:std:iso:3166",
      "version": ""
    },
    "BM": {
      "display": "Bermuda",
      "lang": "en",
      "active": true,
      "system": "urn:iso:std:iso:3166",
      "version": ""
    },
    "BN": {
      "display": "Brunei Darussalam",
      "lang": "en",
      "active": true,
      "system": "urn:iso:std:iso:3166",
      "version": ""
    },
    "BO": {
      "display": "Bolivia, Plurinational State of",
      "lang": "en",
      "active": true,
      "system": "urn:iso:std:iso:3166",
      "version": ""
    },
    "BQ": {
      "display": "Bonaire, Sint Eustatius and Saba",
      "lang": "en",
      "active": true,
      "system": "urn:iso:std:iso:3166",
      "version": ""
    },
    "BR": {
      "display": "Brazil",
      "lang": "en",
      "active": true,
      "system": "urn:iso:std:iso:3166",
      "version": ""
    },
    "BS": {
      "display": "Bahamas",
      "lang": "en",
      "active": true,
      "system": "urn:iso:std:iso:3166",
      "version": ""
    },
    "BT": {
      "display": "Bhutan",
      "lang": "en",
      "active": true,
      "system": "urn:iso:std:iso:3166",
      "version": ""
    },
    "BV": {
      "display": "Bouvet Island",
      "lang": "en",
      "active": true,
      "system": "urn:iso:std:iso:3166",
      "version": ""
    },
    "BW": {
      "display": "Botswana",
      "lang": "en",
      "active": true,
      "system": "urn:iso:std:iso:3166",
      "version": ""
    },
    "BY": {
      "display": "Belarus",
      "lang": "en",
      "active": true,
      "system": "urn:iso:std:iso:3166",
      "version": ""
    },
    "BZ": {
      "display": "Belize",
      "lang": "en",
      "active": true,
      "system": "urn:iso:std:iso:3166",
      "version": ""
    },
    "CA": {
      "display": "Canada",
      "lang": "en",
      "active": true,
      "system": "urn:iso:std:iso:3166",
      "version": ""
    },
    "CC": {
      "display": "Cocos (Keeling) Islands",
      "lang": "en",
      "active": true,
      "system": "urn:iso:std:iso:3166",
      "version": ""
    },
    "CD": {
      "display": "Congo, the Democratic Republic of the",
      "lang": "en",
      "active": true,
      "system": "urn:iso:std:iso:3166",
      "version": ""
    },
    "CF": {
      "display": "Central African Republic",
      "lang": "en",
      "active": true,
      "system": "urn:iso:std:iso:3166",
      "version": ""
    },
    "CG": {
      "display": "Congo",
      "lang": "en",
      "active": true,
      "system": "urn:iso:std:iso:3166",
      "version": ""
    },
    "CH": {
      "display": "Switzerland",
      "lang": "en",
      "active": true,
      "system": "urn:iso:std:iso:3166",
      "version": ""
    },
    "CI": {
      "display": "Côte d''Ivoire",
      "lang": "en",
      "active": true,
      "system": "urn:iso:std:iso:3166",
      "version": ""
    },
    "CK": {
      "display": "Cook Islands",
      "lang": "en",
      "active": true,
      "system": "urn:iso:std:iso:3166",
      "version": ""
    },
    "CL": {
      "display": "Chile",
      "lang": "en",
      "active": true,
      "system": "urn:iso:std:iso:3166",
      "version": ""
    },
    "CM": {
      "display": "Cameroon",
      "lang": "en",
      "active": true,
      "system": "urn:iso:std:iso:3166",
      "version": ""
    },
    "CN": {
      "display": "China",
      "lang": "en",
      "active": true,
      "system": "urn:iso:std:iso:3166",
      "version": ""
    },
    "CO": {
      "display": "Colombia",
      "lang": "en",
      "active": true,
      "system": "urn:iso:std:iso:3166",
      "version": ""
    },
    "CR": {
      "display": "Costa Rica",
      "lang": "en",
      "active": true,
      "system": "urn:iso:std:iso:3166",
      "version": ""
    },
    "CU": {
      "display": "Cuba",
      "lang": "en",
      "active": true,
      "system": "urn:iso:std:iso:3166",
      "version": ""
    },
    "CV": {
      "display": "Cabo Verde",
      "lang": "en",
      "active": true,
      "system": "urn:iso:std:iso:3166",
      "version": ""
    },
    "CW": {
      "display": "Curaçao",
      "lang": "en",
      "active": true,
      "system": "urn:iso:std:iso:3166",
      "version": ""
    },
    "CX": {
      "display": "Christmas Island",
      "lang": "en",
      "active": true,
      "system": "urn:iso:std:iso:3166",
      "version": ""
    },
    "CY": {
      "display": "Cyprus",
      "lang": "en",
      "active": true,
      "system": "urn:iso:std:iso:3166",
      "version": ""
    },
    "CZ": {
      "display": "Czechia",
      "lang": "en",
      "active": true,
      "system": "urn:iso:std:iso:3166",
      "version": ""
    },
    "DE": {
      "display": "Germany",
      "lang": "en",
      "active": true,
      "system": "urn:iso:std:iso:3166",
      "version": ""
    },
    "DJ": {
      "display": "Djibouti",
      "lang": "en",
      "active": true,
      "system": "urn:iso:std:iso:3166",
      "version": ""
    },
    "DK": {
      "display": "Denmark",
      "lang": "en",
      "active": true,
      "system": "urn:iso:std:iso:3166",
      "version": ""
    },
    "DM": {
      "display": "Dominica",
      "lang": "en",
      "active": true,
      "system": "urn:iso:std:iso:3166",
      "version": ""
    },
    "DO": {
      "display": "Dominican Republic",
      "lang": "en",
      "active": true,
      "system": "urn:iso:std:iso:3166",
      "version": ""
    },
    "DZ": {
      "display": "Algeria",
      "lang": "en",
      "active": true,
      "system": "urn:iso:std:iso:3166",
      "version": ""
    },
    "EC": {
      "display": "Ecuador",
      "lang": "en",
      "active": true,
      "system": "urn:iso:std:iso:3166",
      "version": ""
    },
    "EE": {
      "display": "Estonia",
      "lang": "en",
      "active": true,
      "system": "urn:iso:std:iso:3166",
      "version": ""
    },
    "EG": {
      "display": "Egypt",
      "lang": "en",
      "active": true,
      "system": "urn:iso:std:iso:3166",
      "version": ""
    },
    "EH": {
      "display": "Western Sahara",
      "lang": "en",
      "active": true,
      "system": "urn:iso:std:iso:3166",
      "version": ""
    },
    "ER": {
      "display": "Eritrea",
      "lang": "en",
      "active": true,
      "system": "urn:iso:std:iso:3166",
      "version": ""
    },
    "ES": {
      "display": "Spain",
      "lang": "en",
      "active": true,
      "system": "urn:iso:std:iso:3166",
      "version": ""
    },
    "ET": {
      "display": "Ethiopia",
      "lang": "en",
      "active": true,
      "system": "urn:iso:std:iso:3166",
      "version": ""
    },
    "FI": {
      "display": "Finland",
      "lang": "en",
      "active": true,
      "system": "urn:iso:std:iso:3166",
      "version": ""
    },
    "FJ": {
      "display": "Fiji",
      "lang": "en",
      "active": true,
      "system": "urn:iso:std:iso:3166",
      "version": ""
    },
    "FK": {
      "display": "Falkland Islands (Malvinas)",
      "lang": "en",
      "active": true,
      "system": "urn:iso:std:iso:3166",
      "version": ""
    },
    "FM": {
      "display": "Micronesia, Federated States of",
      "lang": "en",
      "active": true,
      "system": "urn:iso:std:iso:3166",
      "version": ""
    },
    "FO": {
      "display": "Faroe Islands",
      "lang": "en",
      "active": true,
      "system": "urn:iso:std:iso:3166",
      "version": ""
    },
    "FR": {
      "display": "France",
      "lang": "en",
      "active": true,
      "system": "urn:iso:std:iso:3166",
      "version": ""
    },
    "GA": {
      "display": "Gabon",
      "lang": "en",
      "active": true,
      "system": "urn:iso:std:iso:3166",
      "version": ""
    },
    "GB": {
      "display": "United Kingdom of Great Britain and Northern Ireland",
      "lang": "en",
      "active": true,
      "system": "urn:iso:std:iso:3166",
      "version": ""
    },
    "GD": {
      "display": "Grenada",
      "lang": "en",
      "active": true,
      "system": "urn:iso:std:iso:3166",
      "version": ""
    },
    "GE": {
      "display": "Georgia",
      "lang": "en",
      "active": true,
      "system": "urn:iso:std:iso:3166",
      "version": ""
    },
    "GF": {
      "display": "French Guiana",
      "lang": "en",
      "active": true,
      "system": "urn:iso:std:iso:3166",
      "version": ""
    },
    "GG": {
      "display": "Guernsey",
      "lang": "en",
      "active": true,
      "system": "urn:iso:std:iso:3166",
      "version": ""
    },
    "GH": {
      "display": "Ghana",
      "lang": "en",
      "active": true,
      "system": "urn:iso:std:iso:3166",
      "version": ""
    },
    "GI": {
      "display": "Gibraltar",
      "lang": "en",
      "active": true,
      "system": "urn:iso:std:iso:3166",
      "version": ""
    },
    "GL": {
      "display": "Greenland",
      "lang": "en",
      "active": true,
      "system": "urn:iso:std:iso:3166",
      "version": ""
    },
    "GM": {
      "display": "Gambia",
      "lang": "en",
      "active": true,
      "system": "urn:iso:std:iso:3166",
      "version": ""
    },
    "GN": {
      "display": "Guinea",
      "lang": "en",
      "active": true,
      "system": "urn:iso:std:iso:3166",
      "version": ""
    },
    "GP": {
      "display": "Guadeloupe",
      "lang": "en",
      "active": true,
      "system": "urn:iso:std:iso:3166",
      "version": ""
    },
    "GQ": {
      "display": "Equatorial Guinea",
      "lang": "en",
      "active": true,
      "system": "urn:iso:std:iso:3166",
      "version": ""
    },
    "GR": {
      "display": "Greece",
      "lang": "en",
      "active": true,
      "system": "urn:iso:std:iso:3166",
      "version": ""
    },
    "GS": {
      "display": "South Georgia and the South Sandwich Islands",
      "lang": "en",
      "active": true,
      "system": "urn:iso:std:iso:3166",
      "version": ""
    },
    "GT": {
      "display": "Guatemala",
      "lang": "en",
      "active": true,
      "system": "urn:iso:std:iso:3166",
      "version": ""
    },
    "GU": {
      "display": "Guam",
      "lang": "en",
      "active": true,
      "system": "urn:iso:std:iso:3166",
      "version": ""
    },
    "GW": {
      "display": "Guinea-Bissau",
      "lang": "en",
      "active": true,
      "system": "urn:iso:std:iso:3166",
      "version": ""
    },
    "GY": {
      "display": "Guyana",
      "lang": "en",
      "active": true,
      "system": "urn:iso:std:iso:3166",
      "version": ""
    },
    "HK": {
      "display": "Hong Kong",
      "lang": "en",
      "active": true,
      "system": "urn:iso:std:iso:3166",
      "version": ""
    },
    "HM": {
      "display": "Heard Island and McDonald Islands",
      "lang": "en",
      "active": true,
      "system": "urn:iso:std:iso:3166",
      "version": ""
    },
    "HN": {
      "display": "Honduras",
      "lang": "en",
      "active": true,
      "system": "urn:iso:std:iso:3166",
      "version": ""
    },
    "HR": {
      "display": "Croatia",
      "lang": "en",
      "active": true,
      "system": "urn:iso:std:iso:3166",
      "version": ""
    },
    "HT": {
      "display": "Haiti",
      "lang": "en",
      "active": true,
      "system": "urn:iso:std:iso:3166",
      "version": ""
    },
    "HU": {
      "display": "Hungary",
      "lang": "en",
      "active": true,
      "system": "urn:iso:std:iso:3166",
      "version": ""
    },
    "ID": {
      "display": "Indonesia",
      "lang": "en",
      "active": true,
      "system": "urn:iso:std:iso:3166",
      "version": ""
    },
    "IE": {
      "display": "Ireland",
      "lang": "en",
      "active": true,
      "system": "urn:iso:std:iso:3166",
      "version": ""
    },
    "IL": {
      "display": "Israel",
      "lang": "en",
      "active": true,
      "system": "urn:iso:std:iso:3166",
      "version": ""
    },
    "IM": {
      "display": "Isle of Man",
      "lang": "en",
      "active": true,
      "system": "urn:iso:std:iso:3166",
      "version": ""
    },
    "IN": {
      "display": "India",
      "lang": "en",
      "active": true,
      "system": "urn:iso:std:iso:3166",
      "version": ""
    },
    "IO": {
      "display": "British Indian Ocean Territory",
      "lang": "en",
      "active": true,
      "system": "urn:iso:std:iso:3166",
      "version": ""
    },
    "IQ": {
      "display": "Iraq",
      "lang": "en",
      "active": true,
      "system": "urn:iso:std:iso:3166",
      "version": ""
    },
    "IR": {
      "display": "Iran, Islamic Republic of",
      "lang": "en",
      "active": true,
      "system": "urn:iso:std:iso:3166",
      "version": ""
    },
    "IS": {
      "display": "Iceland",
      "lang": "en",
      "active": true,
      "system": "urn:iso:std:iso:3166",
      "version": ""
    },
    "IT": {
      "display": "Italy",
      "lang": "en",
      "active": true,
      "system": "urn:iso:std:iso:3166",
      "version": ""
    },
    "JE": {
      "display": "Jersey",
      "lang": "en",
      "active": true,
      "system": "urn:iso:std:iso:3166",
      "version": ""
    },
    "JM": {
      "display": "Jamaica",
      "lang": "en",
      "active": true,
      "system": "urn:iso:std:iso:3166",
      "version": ""
    },
    "JO": {
      "display": "Jordan",
      "lang": "en",
      "active": true,
      "system": "urn:iso:std:iso:3166",
      "version": ""
    },
    "JP": {
      "display": "Japan",
      "lang": "en",
      "active": true,
      "system": "urn:iso:std:iso:3166",
      "version": ""
    },
    "KE": {
      "display": "Kenya",
      "lang": "en",
      "active": true,
      "system": "urn:iso:std:iso:3166",
      "version": ""
    },
    "KG": {
      "display": "Kyrgyzstan",
      "lang": "en",
      "active": true,
      "system": "urn:iso:std:iso:3166",
      "version": ""
    },
    "KH": {
      "display": "Cambodia",
      "lang": "en",
      "active": true,
      "system": "urn:iso:std:iso:3166",
      "version": ""
    },
    "KI": {
      "display": "Kiribati",
      "lang": "en",
      "active": true,
      "system": "urn:iso:std:iso:3166",
      "version": ""
    },
    "KM": {
      "display": "Comoros",
      "lang": "en",
      "active": true,
      "system": "urn:iso:std:iso:3166",
      "version": ""
    },
    "KN": {
      "display": "Saint Kitts and Nevis",
      "lang": "en",
      "active": true,
      "system": "urn:iso:std:iso:3166",
      "version": ""
    },
    "KP": {
      "display": "Korea, Democratic People''s Republic of",
      "lang": "en",
      "active": true,
      "system": "urn:iso:std:iso:3166",
      "version": ""
    },
    "KR": {
      "display": "Korea, Republic of",
      "lang": "en",
      "active": true,
      "system": "urn:iso:std:iso:3166",
      "version": ""
    },
    "KW": {
      "display": "Kuwait",
      "lang": "en",
      "active": true,
      "system": "urn:iso:std:iso:3166",
      "version": ""
    },
    "KY": {
      "display": "Cayman Islands",
      "lang": "en",
      "active": true,
      "system": "urn:iso:std:iso:3166",
      "version": ""
    },
    "KZ": {
      "display": "Kazakhstan",
      "lang": "en",
      "active": true,
      "system": "urn:iso:std:iso:3166",
      "version": ""
    },
    "LA": {
      "display": "Lao People''s Democratic Republic",
      "lang": "en",
      "active": true,
      "system": "urn:iso:std:iso:3166",
      "version": ""
    },
    "LB": {
      "display": "Lebanon",
      "lang": "en",
      "active": true,
      "system": "urn:iso:std:iso:3166",
      "version": ""
    },
    "LC": {
      "display": "Saint Lucia",
      "lang": "en",
      "active": true,
      "system": "urn:iso:std:iso:3166",
      "version": ""
    },
    "LI": {
      "display": "Liechtenstein",
      "lang": "en",
      "active": true,
      "system": "urn:iso:std:iso:3166",
      "version": ""
    },
    "LK": {
      "display": "Sri Lanka",
      "lang": "en",
      "active": true,
      "system": "urn:iso:std:iso:3166",
      "version": ""
    },
    "LR": {
      "display": "Liberia",
      "lang": "en",
      "active": true,
      "system": "urn:iso:std:iso:3166",
      "version": ""
    },
    "LS": {
      "display": "Lesotho",
      "lang": "en",
      "active": true,
      "system": "urn:iso:std:iso:3166",
      "version": ""
    },
    "LT": {
      "display": "Lithuania",
      "lang": "en",
      "active": true,
      "system": "urn:iso:std:iso:3166",
      "version": ""
    },
    "LU": {
      "display": "Luxembourg",
      "lang": "en",
      "active": true,
      "system": "urn:iso:std:iso:3166",
      "version": ""
    },
    "LV": {
      "display": "Latvia",
      "lang": "en",
      "active": true,
      "system": "urn:iso:std:iso:3166",
      "version": ""
    },
    "LY": {
      "display": "Libya",
      "lang": "en",
      "active": true,
      "system": "urn:iso:std:iso:3166",
      "version": ""
    },
    "MA": {
      "display": "Morocco",
      "lang": "en",
      "active": true,
      "system": "urn:iso:std:iso:3166",
      "version": ""
    },
    "MC": {
      "display": "Monaco",
      "lang": "en",
      "active": true,
      "system": "urn:iso:std:iso:3166",
      "version": ""
    },
    "MD": {
      "display": "Moldova, Republic of",
      "lang": "en",
      "active": true,
      "system": "urn:iso:std:iso:3166",
      "version": ""
    },
    "ME": {
      "display": "Montenegro",
      "lang": "en",
      "active": true,
      "system": "urn:iso:std:iso:3166",
      "version": ""
    },
    "MF": {
      "display": "Saint Martin (French part)",
      "lang": "en",
      "active": true,
      "system": "urn:iso:std:iso:3166",
      "version": ""
    },
    "MG": {
      "display": "Madagascar",
      "lang": "en",
      "active": true,
      "system": "urn:iso:std:iso:3166",
      "version": ""
    },
    "MH": {
      "display": "Marshall Islands",
      "lang": "en",
      "active": true,
      "system": "urn:iso:std:iso:3166",
      "version": ""
    },
    "MK": {
      "display": "Macedonia, the former Yugoslav Republic of",
      "lang": "en",
      "active": true,
      "system": "urn:iso:std:iso:3166",
      "version": ""
    },
    "ML": {
      "display": "Mali",
      "lang": "en",
      "active": true,
      "system": "urn:iso:std:iso:3166",
      "version": ""
    },
    "MM": {
      "display": "Myanmar",
      "lang": "en",
      "active": true,
      "system": "urn:iso:std:iso:3166",
      "version": ""
    },
    "MN": {
      "display": "Mongolia",
      "lang": "en",
      "active": true,
      "system": "urn:iso:std:iso:3166",
      "version": ""
    },
    "MO": {
      "display": "Macao",
      "lang": "en",
      "active": true,
      "system": "urn:iso:std:iso:3166",
      "version": ""
    },
    "MP": {
      "display": "Northern Mariana Islands",
      "lang": "en",
      "active": true,
      "system": "urn:iso:std:iso:3166",
      "version": ""
    },
    "MQ": {
      "display": "Martinique",
      "lang": "en",
      "active": true,
      "system": "urn:iso:std:iso:3166",
      "version": ""
    },
    "MR": {
      "display": "Mauritania",
      "lang": "en",
      "active": true,
      "system": "urn:iso:std:iso:3166",
      "version": ""
    },
    "MS": {
      "display": "Montserrat",
      "lang": "en",
      "active": true,
      "system": "urn:iso:std:iso:3166",
      "version": ""
    },
    "MT": {
      "display": "Malta",
      "lang": "en",
      "active": true,
      "system": "urn:iso:std:iso:3166",
      "version": ""
    },
    "MU": {
      "display": "Mauritius",
      "lang": "en",
      "active": true,
      "system": "urn:iso:std:iso:3166",
      "version": ""
    },
    "MV": {
      "display": "Maldives",
      "lang": "en",
      "active": true,
      "system": "urn:iso:std:iso:3166",
      "version": ""
    },
    "MW": {
      "display": "Malawi",
      "lang": "en",
      "active": true,
      "system": "urn:iso:std:iso:3166",
      "version": ""
    },
    "MX": {
      "display": "Mexico",
      "lang": "en",
      "active": true,
      "system": "urn:iso:std:iso:3166",
      "version": ""
    },
    "MY": {
      "display": "Malaysia",
      "lang": "en",
      "active": true,
      "system": "urn:iso:std:iso:3166",
      "version": ""
    },
    "MZ": {
      "display": "Mozambique",
      "lang": "en",
      "active": true,
      "system": "urn:iso:std:iso:3166",
      "version": ""
    },
    "NA": {
      "display": "Namibia",
      "lang": "en",
      "active": true,
      "system": "urn:iso:std:iso:3166",
      "version": ""
    },
    "NC": {
      "display": "New Caledonia",
      "lang": "en",
      "active": true,
      "system": "urn:iso:std:iso:3166",
      "version": ""
    },
    "NE": {
      "display": "Niger",
      "lang": "en",
      "active": true,
      "system": "urn:iso:std:iso:3166",
      "version": ""
    },
    "NF": {
      "display": "Norfolk Island",
      "lang": "en",
      "active": true,
      "system": "urn:iso:std:iso:3166",
      "version": ""
    },
    "NG": {
      "display": "Nigeria",
      "lang": "en",
      "active": true,
      "system": "urn:iso:std:iso:3166",
      "version": ""
    },
    "NI": {
      "display": "Nicaragua",
      "lang": "en",
      "active": true,
      "system": "urn:iso:std:iso:3166",
      "version": ""
    },
    "NL": {
      "display": "Netherlands",
      "lang": "en",
      "active": true,
      "system": "urn:iso:std:iso:3166",
      "version": ""
    },
    "NO": {
      "display": "Norway",
      "lang": "en",
      "active": true,
      "system": "urn:iso:std:iso:3166",
      "version": ""
    },
    "NP": {
      "display": "Nepal",
      "lang": "en",
      "active": true,
      "system": "urn:iso:std:iso:3166",
      "version": ""
    },
    "NR": {
      "display": "Nauru",
      "lang": "en",
      "active": true,
      "system": "urn:iso:std:iso:3166",
      "version": ""
    },
    "NU": {
      "display": "Niue",
      "lang": "en",
      "active": true,
      "system": "urn:iso:std:iso:3166",
      "version": ""
    },
    "NZ": {
      "display": "New Zealand",
      "lang": "en",
      "active": true,
      "system": "urn:iso:std:iso:3166",
      "version": ""
    },
    "OM": {
      "display": "Oman",
      "lang": "en",
      "active": true,
      "system": "urn:iso:std:iso:3166",
      "version": ""
    },
    "PA": {
      "display": "Panama",
      "lang": "en",
      "active": true,
      "system": "urn:iso:std:iso:3166",
      "version": ""
    },
    "PE": {
      "display": "Peru",
      "lang": "en",
      "active": true,
      "system": "urn:iso:std:iso:3166",
      "version": ""
    },
    "PF": {
      "display": "French Polynesia",
      "lang": "en",
      "active": true,
      "system": "urn:iso:std:iso:3166",
      "version": ""
    },
    "PG": {
      "display": "Papua New Guinea",
      "lang": "en",
      "active": true,
      "system": "urn:iso:std:iso:3166",
      "version": ""
    },
    "PH": {
      "display": "Philippines",
      "lang": "en",
      "active": true,
      "system": "urn:iso:std:iso:3166",
      "version": ""
    },
    "PK": {
      "display": "Pakistan",
      "lang": "en",
      "active": true,
      "system": "urn:iso:std:iso:3166",
      "version": ""
    },
    "PL": {
      "display": "Poland",
      "lang": "en",
      "active": true,
      "system": "urn:iso:std:iso:3166",
      "version": ""
    },
    "PM": {
      "display": "Saint Pierre and Miquelon",
      "lang": "en",
      "active": true,
      "system": "urn:iso:std:iso:3166",
      "version": ""
    },
    "PN": {
      "display": "Pitcairn",
      "lang": "en",
      "active": true,
      "system": "urn:iso:std:iso:3166",
      "version": ""
    },
    "PR": {
      "display": "Puerto Rico",
      "lang": "en",
      "active": true,
      "system": "urn:iso:std:iso:3166",
      "version": ""
    },
    "PS": {
      "display": "Palestine, State of",
      "lang": "en",
      "active": true,
      "system": "urn:iso:std:iso:3166",
      "version": ""
    },
    "PT": {
      "display": "Portugal",
      "lang": "en",
      "active": true,
      "system": "urn:iso:std:iso:3166",
      "version": ""
    },
    "PW": {
      "display": "Palau",
      "lang": "en",
      "active": true,
      "system": "urn:iso:std:iso:3166",
      "version": ""
    },
    "PY": {
      "display": "Paraguay",
      "lang": "en",
      "active": true,
      "system": "urn:iso:std:iso:3166",
      "version": ""
    },
    "QA": {
      "display": "Qatar",
      "lang": "en",
      "active": true,
      "system": "urn:iso:std:iso:3166",
      "version": ""
    },
    "RE": {
      "display": "Réunion",
      "lang": "en",
      "active": true,
      "system": "urn:iso:std:iso:3166",
      "version": ""
    },
    "RO": {
      "display": "Romania",
      "lang": "en",
      "active": true,
      "system": "urn:iso:std:iso:3166",
      "version": ""
    },
    "RS": {
      "display": "Serbia",
      "lang": "en",
      "active": true,
      "system": "urn:iso:std:iso:3166",
      "version": ""
    },
    "RU": {
      "display": "Russian Federation",
      "lang": "en",
      "active": true,
      "system": "urn:iso:std:iso:3166",
      "version": ""
    },
    "RW": {
      "display": "Rwanda",
      "lang": "en",
      "active": true,
      "system": "urn:iso:std:iso:3166",
      "version": ""
    },
    "SA": {
      "display": "Saudi Arabia",
      "lang": "en",
      "active": true,
      "system": "urn:iso:std:iso:3166",
      "version": ""
    },
    "SB": {
      "display": "Solomon Islands",
      "lang": "en",
      "active": true,
      "system": "urn:iso:std:iso:3166",
      "version": ""
    },
    "SC": {
      "display": "Seychelles",
      "lang": "en",
      "active": true,
      "system": "urn:iso:std:iso:3166",
      "version": ""
    },
    "SD": {
      "display": "Sudan",
      "lang": "en",
      "active": true,
      "system": "urn:iso:std:iso:3166",
      "version": ""
    },
    "SE": {
      "display": "Sweden",
      "lang": "en",
      "active": true,
      "system": "urn:iso:std:iso:3166",
      "version": ""
    },
    "SG": {
      "display": "Singapore",
      "lang": "en",
      "active": true,
      "system": "urn:iso:std:iso:3166",
      "version": ""
    },
    "SH": {
      "display": "Saint Helena, Ascension and Tristan da Cunha",
      "lang": "en",
      "active": true,
      "system": "urn:iso:std:iso:3166",
      "version": ""
    },
    "SI": {
      "display": "Slovenia",
      "lang": "en",
      "active": true,
      "system": "urn:iso:std:iso:3166",
      "version": ""
    },
    "SJ": {
      "display": "Svalbard and Jan Mayen",
      "lang": "en",
      "active": true,
      "system": "urn:iso:std:iso:3166",
      "version": ""
    },
    "SK": {
      "display": "Slovakia",
      "lang": "en",
      "active": true,
      "system": "urn:iso:std:iso:3166",
      "version": ""
    },
    "SL": {
      "display": "Sierra Leone",
      "lang": "en",
      "active": true,
      "system": "urn:iso:std:iso:3166",
      "version": ""
    },
    "SM": {
      "display": "San Marino",
      "lang": "en",
      "active": true,
      "system": "urn:iso:std:iso:3166",
      "version": ""
    },
    "SN": {
      "display": "Senegal",
      "lang": "en",
      "active": true,
      "system": "urn:iso:std:iso:3166",
      "version": ""
    },
    "SO": {
      "display": "Somalia",
      "lang": "en",
      "active": true,
      "system": "urn:iso:std:iso:3166",
      "version": ""
    },
    "SR": {
      "display": "Suriname",
      "lang": "en",
      "active": true,
      "system": "urn:iso:std:iso:3166",
      "version": ""
    },
    "SS": {
      "display": "South Sudan",
      "lang": "en",
      "active": true,
      "system": "urn:iso:std:iso:3166",
      "version": ""
    },
    "ST": {
      "display": "Sao Tome and Principe",
      "lang": "en",
      "active": true,
      "system": "urn:iso:std:iso:3166",
      "version": ""
    },
    "SV": {
      "display": "El Salvador",
      "lang": "en",
      "active": true,
      "system": "urn:iso:std:iso:3166",
      "version": ""
    },
    "SX": {
      "display": "Sint Maarten (Dutch part)",
      "lang": "en",
      "active": true,
      "system": "urn:iso:std:iso:3166",
      "version": ""
    },
    "SY": {
      "display": "Syrian Arab Republic",
      "lang": "en",
      "active": true,
      "system": "urn:iso:std:iso:3166",
      "version": ""
    },
    "SZ": {
      "display": "Swaziland",
      "lang": "en",
      "active": true,
      "system": "urn:iso:std:iso:3166",
      "version": ""
    },
    "TC": {
      "display": "Turks and Caicos Islands",
      "lang": "en",
      "active": true,
      "system": "urn:iso:std:iso:3166",
      "version": ""
    },
    "TD": {
      "display": "Chad",
      "lang": "en",
      "active": true,
      "system": "urn:iso:std:iso:3166",
      "version": ""
    },
    "TF": {
      "display": "French Southern Territories",
      "lang": "en",
      "active": true,
      "system": "urn:iso:std:iso:3166",
      "version": ""
    },
    "TG": {
      "display": "Togo",
      "lang": "en",
      "active": true,
      "system": "urn:iso:std:iso:3166",
      "version": ""
    },
    "TH": {
      "display": "Thailand",
      "lang": "en",
      "active": true,
      "system": "urn:iso:std:iso:3166",
      "version": ""
    },
    "TJ": {
      "display": "Tajikistan",
      "lang": "en",
      "active": true,
      "system": "urn:iso:std:iso:3166",
      "version": ""
    },
    "TK": {
      "display": "Tokelau",
      "lang": "en",
      "active": true,
      "system": "urn:iso:std:iso:3166",
      "version": ""
    },
    "TL": {
      "display": "Timor-Leste",
      "lang": "en",
      "active": true,
      "system": "urn:iso:std:iso:3166",
      "version": ""
    },
    "TM": {
      "display": "Turkmenistan",
      "lang": "en",
      "active": true,
      "system": "urn:iso:std:iso:3166",
      "version": ""
    },
    "TN": {
      "display": "Tunisia",
      "lang": "en",
      "active": true,
      "system": "urn:iso:std:iso:3166",
      "version": ""
    },
    "TO": {
      "display": "Tonga",
      "lang": "en",
      "active": true,
      "system": "urn:iso:std:iso:3166",
      "version": ""
    },
    "TR": {
      "display": "Turkey",
      "lang": "en",
      "active": true,
      "system": "urn:iso:std:iso:3166",
      "version": ""
    },
    "TT": {
      "display": "Trinidad and Tobago",
      "lang": "en",
      "active": true,
      "system": "urn:iso:std:iso:3166",
      "version": ""
    },
    "TV": {
      "display": "Tuvalu",
      "lang": "en",
      "active": true,
      "system": "urn:iso:std:iso:3166",
      "version": ""
    },
    "TW": {
      "display": "Taiwan, Province of China",
      "lang": "en",
      "active": true,
      "system": "urn:iso:std:iso:3166",
      "version": ""
    },
    "TZ": {
      "display": "Tanzania, United Republic of",
      "lang": "en",
      "active": true,
      "system": "urn:iso:std:iso:3166",
      "version": ""
    },
    "UA": {
      "display": "Ukraine",
      "lang": "en",
      "active": true,
      "system": "urn:iso:std:iso:3166",
      "version": ""
    },
    "UG": {
      "display": "Uganda",
      "lang": "en",
      "active": true,
      "system": "urn:iso:std:iso:3166",
      "version": ""
    },
    "UM": {
      "display": "United States Minor Outlying Islands",
      "lang": "en",
      "active": true,
      "system": "urn:iso:std:iso:3166",
      "version": ""
    },
    "US": {
      "display": "United States of America",
      "lang": "en",
      "active": true,
      "system": "urn:iso:std:iso:3166",
      "version": ""
    },
    "UY": {
      "display": "Uruguay",
      "lang": "en",
      "active": true,
      "system": "urn:iso:std:iso:3166",
      "version": ""
    },
    "UZ": {
      "display": "Uzbekistan",
      "lang": "en",
      "active": true,
      "system": "urn:iso:std:iso:3166",
      "version": ""
    },
    "VA": {
      "display": "Holy See",
      "lang": "en",
      "active": true,
      "system": "urn:iso:std:iso:3166",
      "version": ""
    },
    "VC": {
      "display": "Saint Vincent and the Grenadines",
      "lang": "en",
      "active": true,
      "system": "urn:iso:std:iso:3166",
      "version": ""
    },
    "VE": {
      "display": "Venezuela, Bolivarian Republic of",
      "lang": "en",
      "active": true,
      "system": "urn:iso:std:iso:3166",
      "version": ""
    },
    "VG": {
      "display": "Virgin Islands, British",
      "lang": "en",
      "active": true,
      "system": "urn:iso:std:iso:3166",
      "version": ""
    },
    "VI": {
      "display": "Virgin Islands,",
      "lang": "en",
      "active": true,
      "system": "urn:iso:std:iso:3166",
      "version": ""
    },
    "VN": {
      "display": "Viet Nam",
      "lang": "en",
      "active": true,
      "system": "urn:iso:std:iso:3166",
      "version": ""
    },
    "VU": {
      "display": "Vanuatu",
      "lang": "en",
      "active": true,
      "system": "urn:iso:std:iso:3166",
      "version": ""
    },
    "WF": {
      "display": "Wallis and Futuna",
      "lang": "en",
      "active": true,
      "system": "urn:iso:std:iso:3166",
      "version": ""
    },
    "WS": {
      "display": "Samoa",
      "lang": "en",
      "active": true,
      "system": "urn:iso:std:iso:3166",
      "version": ""
    },
    "YE": {
      "display": "Yemen",
      "lang": "en",
      "active": true,
      "system": "urn:iso:std:iso:3166",
      "version": ""
    },
    "YT": {
      "display": "Mayotte",
      "lang": "en",
      "active": true,
      "system": "urn:iso:std:iso:3166",
      "version": ""
    },
    "ZA": {
      "display": "South Africa",
      "lang": "en",
      "active": true,
      "system": "urn:iso:std:iso:3166",
      "version": ""
    },
    "ZM": {
      "display": "Zambia",
      "lang": "en",
      "active": true,
      "system": "urn:iso:std:iso:3166",
      "version": ""
    },
    "ZW": {
      "display": "Zimbabwe",
      "lang": "en",
      "active": true,
      "system": "urn:iso:std:iso:3166",
      "version": ""
    }
  }
}
